,0,1,2,3
0,"[3, 1, 32, 'relu', 50, 10]",0.2971079647541046,0.22348307073116302,0.3108115494251251
1,"[3, 1, 32, 'relu', 30, 10]",0.29723310470581055,0.22556255757808685,0.3109000027179718
2,"[3, 1, 32, 'relu', 40, 10]",0.2972506582736969,0.22480350732803345,0.3109048008918762
3,"[3, 1, 32, 'tanh', 20, 10]",0.29771560430526733,0.2281830757856369,0.311575710773468
4,"[3, 1, 32, 'relu', 15, 10]",0.2979080379009247,0.22984260320663452,0.31174930930137634
5,"[3, 1, 64, 'relu', 20, 10]",0.2981087863445282,0.22477921843528748,0.3119535744190216
6,"[3, 1, 64, 'relu', 50, 10]",0.2982303202152252,0.22455532848834991,0.31215718388557434
7,"[3, 1, 64, 'relu', 30, 10]",0.2982631027698517,0.2253342568874359,0.31211110949516296
8,"[3, 1, 32, 'tanh', 40, 10]",0.2983134984970093,0.2307170182466507,0.31219854950904846
9,"[3, 1, 64, 'relu', 40, 10]",0.2983338534832001,0.2247990220785141,0.3122338354587555
10,"[3, 1, 128, 'sigmoid', 50, 2]",0.29839539527893066,0.23070572316646576,0.3122461140155792
11,"[3, 1, 128, 'relu', 15, 10]",0.2988140285015106,0.22609573602676392,0.31267714500427246
12,"[3, 1, 32, 'tanh', 15, 10]",0.2989042103290558,0.2293260544538498,0.31263670325279236
13,"[3, 1, 32, 'relu', 20, 7]",0.29893410205841064,0.22600813210010529,0.3128626048564911
14,"[3, 1, 128, 'relu', 50, 10]",0.29904595017433167,0.22605092823505402,0.31294265389442444
15,"[3, 1, 64, 'tanh', 30, 10]",0.2990574538707733,0.2238778918981552,0.3130338191986084
16,"[3, 1, 128, 'relu', 40, 10]",0.2990958094596863,0.22624248266220093,0.3130030632019043
17,"[3, 1, 32, 'tanh', 15, 7]",0.2991234064102173,0.2251989245414734,0.31301969289779663
18,"[3, 1, 64, 'tanh', 15, 10]",0.2991357743740082,0.22560833394527435,0.3130635619163513
19,"[3, 1, 128, 'tanh', 40, 10]",0.299154132604599,0.22413156926631927,0.3131497800350189
20,"[3, 1, 32, 'relu', 20, 10]",0.29915475845336914,0.2273423671722412,0.31316861510276794
21,"[3, 1, 32, 'tanh', 30, 7]",0.2992335855960846,0.22482462227344513,0.31319460272789
22,"[3, 1, 128, 'tanh', 50, 10]",0.29925453662872314,0.22391504049301147,0.3132610321044922
23,"[3, 1, 32, 'sigmoid', 20, 10]",0.2993220090866089,0.2311946451663971,0.313277930021286
24,"[3, 1, 32, 'sigmoid', 30, 10]",0.2993254065513611,0.2312849909067154,0.31335845589637756
25,"[3, 1, 64, 'relu', 15, 10]",0.29933154582977295,0.22831325232982635,0.3132809102535248
26,"[3, 1, 128, 'tanh', 30, 10]",0.2993456721305847,0.22399267554283142,0.31335923075675964
27,"[3, 1, 32, 'tanh', 30, 10]",0.29947081208229065,0.2258027344942093,0.3134535551071167
28,"[3, 1, 64, 'sigmoid', 30, 10]",0.2994757890701294,0.22787617146968842,0.3133644163608551
29,"[3, 1, 64, 'tanh', 40, 10]",0.2994758188724518,0.22506433725357056,0.3134625256061554
30,"[3, 1, 64, 'relu', 20, 7]",0.29950764775276184,0.22692471742630005,0.31344443559646606
31,"[3, 1, 32, 'tanh', 40, 7]",0.2995346188545227,0.2250068187713623,0.3135339021682739
32,"[3, 1, 64, 'relu', 15, 7]",0.29956674575805664,0.226951465010643,0.3134917914867401
33,"[3, 1, 128, 'relu', 20, 10]",0.2996111214160919,0.22745642066001892,0.31350764632225037
34,"[3, 1, 32, 'tanh', 20, 7]",0.29964494705200195,0.22659483551979065,0.3136101961135864
35,"[3, 1, 32, 'sigmoid', 15, 10]",0.2996581196784973,0.2332266867160797,0.31329020857810974
36,"[3, 1, 128, 'relu', 30, 10]",0.29975786805152893,0.22693918645381927,0.31367698311805725
37,"[3, 1, 64, 'tanh', 20, 10]",0.2999168336391449,0.22605586051940918,0.31389787793159485
38,"[3, 1, 32, 'tanh', 50, 7]",0.2999248206615448,0.22628942131996155,0.31391382217407227
39,"[3, 1, 32, 'relu', 30, 7]",0.2999431788921356,0.22661572694778442,0.31392982602119446
40,"[3, 1, 32, 'relu', 40, 7]",0.3000452220439911,0.2270226627588272,0.3140817880630493
41,"[3, 1, 128, 'relu', 50, 7]",0.30013227462768555,0.22939783334732056,0.3142485022544861
42,"[3, 1, 32, 'tanh', 50, 10]",0.30016836524009705,0.22499197721481323,0.3141917288303375
43,"[3, 1, 128, 'tanh', 20, 10]",0.3001765012741089,0.22481940686702728,0.3142429292201996
44,"[3, 1, 32, 'sigmoid', 50, 10]",0.30021315813064575,0.2275601327419281,0.3143848776817322
45,"[3, 1, 32, 'sigmoid', 40, 7]",0.3003810942173004,0.22799767553806305,0.3145034611225128
46,"[3, 1, 64, 'tanh', 50, 10]",0.300437331199646,0.2258925586938858,0.3144814074039459
47,"[3, 1, 64, 'relu', 40, 7]",0.3005638122558594,0.2277110368013382,0.3145802915096283
48,"[3, 1, 32, 'relu', 15, 7]",0.3006161153316498,0.22871288657188416,0.314616322517395
49,"[3, 1, 64, 'tanh', 40, 7]",0.3006288707256317,0.22574247419834137,0.3147181570529938
50,"[3, 1, 32, 'relu', 50, 7]",0.30063676834106445,0.2271805703639984,0.31479430198669434
51,"[3, 1, 64, 'sigmoid', 15, 10]",0.30068716406822205,0.2295462191104889,0.3146463632583618
52,"[3, 1, 64, 'relu', 50, 7]",0.3008120357990265,0.2281697690486908,0.3148593604564667
53,"[3, 1, 32, 'tanh', 15, 5]",0.3011403977870941,0.22782301902770996,0.3151741027832031
54,"[3, 1, 32, 'relu', 30, 5]",0.30114442110061646,0.2289876937866211,0.3152603209018707
55,"[3, 1, 32, 'relu', 15, 5]",0.3011474907398224,0.2301609069108963,0.31515762209892273
56,"[3, 1, 64, 'tanh', 20, 7]",0.30117663741111755,0.22753533720970154,0.31520575284957886
57,"[3, 1, 64, 'tanh', 15, 7]",0.3012717366218567,0.22807234525680542,0.31528976559638977
58,"[3, 1, 64, 'tanh', 30, 7]",0.30127182602882385,0.22716695070266724,0.3153519928455353
59,"[3, 1, 32, 'tanh', 20, 5]",0.30129045248031616,0.22670817375183105,0.31536445021629333
60,"[3, 1, 32, 'relu', 20, 5]",0.30130571126937866,0.23051492869853973,0.31531378626823425
61,"[3, 1, 128, 'relu', 40, 7]",0.3013438880443573,0.2276020497083664,0.3154701590538025
62,"[3, 1, 32, 'relu', 40, 5]",0.3015908896923065,0.22878655791282654,0.31573525071144104
63,"[3, 1, 64, 'relu', 30, 7]",0.3016112446784973,0.23088251054286957,0.31555941700935364
64,"[3, 1, 64, 'sigmoid', 40, 10]",0.30173367261886597,0.230446919798851,0.31589940190315247
65,"[3, 1, 128, 'relu', 20, 7]",0.3019244074821472,0.23064719140529633,0.3159010112285614
66,"[3, 1, 32, 'tanh', 40, 5]",0.3019721806049347,0.22882558405399323,0.3160921037197113
67,"[3, 1, 32, 'tanh', 30, 5]",0.3019736409187317,0.22901147603988647,0.31608855724334717
68,"[3, 1, 64, 'tanh', 50, 7]",0.3019936680793762,0.22921085357666016,0.31605735421180725
69,"[3, 1, 128, 'relu', 30, 7]",0.3020005226135254,0.2295009046792984,0.31603309512138367
70,"[3, 1, 128, 'tanh', 15, 10]",0.3020394444465637,0.22965918481349945,0.316057413816452
71,"[3, 1, 32, 'relu', 50, 5]",0.30205175280570984,0.23020070791244507,0.31621989607810974
72,"[3, 1, 32, 'sigmoid', 30, 7]",0.3021355867385864,0.23109689354896545,0.31639495491981506
73,"[3, 1, 32, 'tanh', 50, 5]",0.3022385537624359,0.228707417845726,0.31639131903648376
74,"[3, 1, 128, 'tanh', 50, 7]",0.3022800385951996,0.22862496972084045,0.3163925111293793
75,"[3, 1, 64, 'relu', 30, 5]",0.3022818863391876,0.23053836822509766,0.3163398802280426
76,"[3, 1, 128, 'relu', 15, 7]",0.3022844195365906,0.23062719404697418,0.31628143787384033
77,"[3, 1, 64, 'relu', 40, 5]",0.3025374412536621,0.229871466755867,0.3166919946670532
78,"[3, 1, 64, 'sigmoid', 20, 10]",0.30280277132987976,0.23367264866828918,0.3169281780719757
79,"[3, 1, 128, 'tanh', 40, 7]",0.3028098940849304,0.22850260138511658,0.3169575035572052
80,"[3, 1, 128, 'tanh', 30, 7]",0.3029939830303192,0.22882665693759918,0.31713345646858215
81,"[3, 1, 64, 'tanh', 50, 5]",0.3030925691127777,0.23009872436523438,0.31724682450294495
82,"[3, 1, 64, 'relu', 50, 5]",0.30313733220100403,0.22955480217933655,0.31743124127388
83,"[3, 1, 128, 'sigmoid', 50, 10]",0.3031562566757202,0.2343062311410904,0.31725063920021057
84,"[3, 1, 128, 'sigmoid', 30, 10]",0.3032451272010803,0.23499725759029388,0.3172931671142578
85,"[3, 1, 128, 'tanh', 20, 7]",0.30333465337753296,0.2285904586315155,0.31749865412712097
86,"[3, 1, 64, 'relu', 15, 5]",0.30335426330566406,0.2321764975786209,0.31745895743370056
87,"[3, 1, 64, 'tanh', 40, 5]",0.3033701479434967,0.22941456735134125,0.3175298869609833
88,"[3, 1, 64, 'relu', 20, 5]",0.3034241199493408,0.23159925639629364,0.31757059693336487
89,"[3, 1, 128, 'sigmoid', 40, 10]",0.303439199924469,0.23443718254566193,0.3175514042377472
90,"[3, 1, 128, 'sigmoid', 20, 10]",0.3035005033016205,0.23566290736198425,0.31747761368751526
91,"[3, 1, 128, 'relu', 50, 5]",0.30352962017059326,0.2305295616388321,0.31778761744499207
92,"[3, 1, 128, 'sigmoid', 15, 10]",0.3036676347255707,0.23570284247398376,0.3175991475582123
93,"[3, 1, 64, 'sigmoid', 30, 7]",0.3036777675151825,0.2327600121498108,0.3177593946456909
94,"[3, 1, 64, 'tanh', 30, 5]",0.30372416973114014,0.22959913313388824,0.3178982436656952
95,"[3, 1, 128, 'tanh', 15, 7]",0.3039037883281708,0.22890712320804596,0.3180845081806183
96,"[3, 1, 128, 'relu', 30, 5]",0.30469757318496704,0.23080408573150635,0.31888532638549805
97,"[3, 1, 32, 'sigmoid', 20, 7]",0.3048030138015747,0.23438948392868042,0.31910082697868347
98,"[3, 1, 64, 'sigmoid', 15, 7]",0.30518797039985657,0.23452097177505493,0.31923672556877136
99,"[3, 1, 64, 'tanh', 20, 5]",0.3052421510219574,0.230445995926857,0.3194633722305298
100,"[3, 1, 64, 'tanh', 15, 5]",0.30528849363327026,0.23014768958091736,0.3194921016693115
101,"[3, 1, 128, 'relu', 20, 5]",0.30572766065597534,0.23102398216724396,0.31991472840309143
102,"[3, 1, 128, 'relu', 40, 5]",0.30601614713668823,0.2311505675315857,0.3203551769256592
103,"[3, 1, 128, 'tanh', 50, 5]",0.3062402009963989,0.2323300540447235,0.32055801153182983
104,"[3, 1, 128, 'tanh', 40, 5]",0.3065544068813324,0.2312171459197998,0.32086917757987976
105,"[3, 1, 32, 'sigmoid', 50, 7]",0.3067326247692108,0.23661963641643524,0.321399062871933
106,"[3, 1, 32, 'sigmoid', 50, 5]",0.3067851662635803,0.23612193763256073,0.3212595283985138
107,"[3, 1, 128, 'sigmoid', 30, 2]",0.307029128074646,0.23428504168987274,0.32124587893486023
108,"[3, 1, 128, 'relu', 15, 5]",0.30742645263671875,0.232920840382576,0.32166728377342224
109,"[3, 1, 128, 'tanh', 30, 5]",0.30753588676452637,0.23137801885604858,0.3218563497066498
110,"[3, 1, 64, 'sigmoid', 40, 7]",0.30784380435943604,0.2371097207069397,0.32251858711242676
111,"[3, 1, 32, 'sigmoid', 15, 5]",0.30837249755859375,0.23893246054649353,0.32280734181404114
112,"[3, 1, 32, 'relu', 50, 2]",0.3086034059524536,0.24145978689193726,0.32318365573883057
113,"[3, 1, 128, 'tanh', 20, 5]",0.30887773633003235,0.23214489221572876,0.3232281506061554
114,"[5, 1, 128, 'sigmoid', 30, 10]",0.3089117705821991,0.24002110958099365,0.322799950838089
115,"[3, 1, 64, 'sigmoid', 20, 7]",0.30921873450279236,0.24139779806137085,0.32374778389930725
116,"[5, 1, 32, 'relu', 15, 10]",0.3092723786830902,0.23998981714248657,0.3230762183666229
117,"[3, 1, 64, 'sigmoid', 50, 7]",0.30928850173950195,0.23942306637763977,0.3239363133907318
118,"[5, 1, 32, 'relu', 30, 10]",0.30961883068084717,0.24164241552352905,0.3234781324863434
119,"[3, 1, 32, 'sigmoid', 15, 7]",0.3096488118171692,0.23937131464481354,0.32424867153167725
120,"[5, 1, 32, 'tanh', 20, 10]",0.3096723258495331,0.24140840768814087,0.32352936267852783
121,"[5, 1, 32, 'tanh', 15, 10]",0.3096839487552643,0.2409547120332718,0.3235338628292084
122,"[5, 1, 32, 'relu', 20, 10]",0.30972400307655334,0.24023374915122986,0.3236719071865082
123,"[5, 1, 128, 'sigmoid', 50, 10]",0.30983832478523254,0.2421731948852539,0.3235231637954712
124,"[5, 1, 32, 'tanh', 40, 10]",0.3098912835121155,0.24221251904964447,0.32376447319984436
125,"[5, 1, 32, 'sigmoid', 40, 10]",0.30997103452682495,0.24125835299491882,0.3238355815410614
126,"[5, 1, 32, 'relu', 15, 7]",0.3100268244743347,0.24203766882419586,0.3239186704158783
127,"[5, 1, 32, 'tanh', 30, 10]",0.31008896231651306,0.24235640466213226,0.32397496700286865
128,"[3, 1, 32, 'sigmoid', 40, 10]",0.31009048223495483,0.24248850345611572,0.3250213861465454
129,"[5, 1, 32, 'relu', 40, 10]",0.31011196970939636,0.24251689016819,0.32406675815582275
130,"[3, 1, 64, 'sigmoid', 50, 10]",0.3102303445339203,0.23957562446594238,0.3248087465763092
131,"[5, 1, 32, 'tanh', 50, 10]",0.3102613389492035,0.24258586764335632,0.324172705411911
132,"[5, 1, 64, 'relu', 15, 10]",0.3103353679180145,0.24344561994075775,0.3242323100566864
133,"[5, 1, 32, 'relu', 50, 10]",0.31034213304519653,0.2433646023273468,0.3243279755115509
134,"[3, 1, 128, 'tanh', 15, 5]",0.310427725315094,0.23358416557312012,0.32479918003082275
135,"[5, 1, 64, 'relu', 50, 10]",0.3104875981807709,0.2446369081735611,0.3243820369243622
136,"[3, 1, 128, 'sigmoid', 15, 7]",0.3104972541332245,0.23714837431907654,0.325042724609375
137,"[5, 1, 64, 'tanh', 15, 10]",0.3105281889438629,0.24356046319007874,0.32440730929374695
138,"[5, 1, 64, 'relu', 40, 10]",0.31057214736938477,0.24432887136936188,0.32448336482048035
139,"[5, 1, 64, 'tanh', 50, 10]",0.31058529019355774,0.24414359033107758,0.324489563703537
140,"[5, 1, 64, 'tanh', 20, 10]",0.31062304973602295,0.24398280680179596,0.32450398802757263
141,"[5, 1, 64, 'tanh', 30, 10]",0.3107008934020996,0.2440595179796219,0.324573278427124
142,"[5, 1, 128, 'relu', 15, 10]",0.3107416331768036,0.24408476054668427,0.3246719539165497
143,"[5, 1, 64, 'relu', 30, 10]",0.3107970356941223,0.2449129968881607,0.32471588253974915
144,"[5, 1, 64, 'relu', 20, 10]",0.3108189105987549,0.24472828209400177,0.32479166984558105
145,"[5, 1, 32, 'sigmoid', 30, 10]",0.310855507850647,0.24280217289924622,0.32485851645469666
146,"[5, 1, 32, 'relu', 40, 7]",0.3109661638736725,0.24361374974250793,0.32501959800720215
147,"[5, 1, 32, 'relu', 20, 7]",0.31101158261299133,0.24458672106266022,0.3249903619289398
148,"[5, 1, 128, 'relu', 30, 10]",0.31104788184165955,0.2454535961151123,0.32492873072624207
149,"[5, 1, 32, 'tanh', 15, 7]",0.31105491518974304,0.24273169040679932,0.3249659240245819
150,"[5, 1, 64, 'tanh', 40, 10]",0.3110738694667816,0.24497762322425842,0.32500243186950684
151,"[5, 1, 32, 'tanh', 30, 7]",0.3110877573490143,0.24288931488990784,0.32501527667045593
152,"[5, 1, 128, 'relu', 20, 10]",0.3111448585987091,0.24534296989440918,0.32502076029777527
153,"[5, 1, 32, 'tanh', 40, 7]",0.3111588656902313,0.24292241036891937,0.3251289427280426
154,"[5, 1, 128, 'relu', 40, 10]",0.31116414070129395,0.24578599631786346,0.32504287362098694
155,"[5, 1, 32, 'tanh', 20, 7]",0.31119221448898315,0.24327120184898376,0.32512879371643066
156,"[5, 1, 32, 'tanh', 50, 7]",0.3111955225467682,0.24305596947669983,0.32516971230506897
157,"[5, 1, 64, 'sigmoid', 30, 10]",0.31121399998664856,0.24502654373645782,0.3251945376396179
158,"[5, 1, 32, 'relu', 30, 7]",0.3112267851829529,0.24332885444164276,0.3252452313899994
159,"[3, 1, 64, 'sigmoid', 40, 2]",0.31122952699661255,0.2534105181694031,0.3255714178085327
160,"[5, 1, 128, 'tanh', 40, 10]",0.3112996220588684,0.24504439532756805,0.3251926302909851
161,"[5, 1, 128, 'tanh', 30, 10]",0.3113050162792206,0.24500451982021332,0.3251880705356598
162,"[5, 1, 128, 'relu', 50, 10]",0.3113102912902832,0.24576528370380402,0.32524821162223816
163,"[5, 1, 128, 'sigmoid', 15, 7]",0.31131964921951294,0.24652670323848724,0.3249669075012207
164,"[5, 1, 128, 'tanh', 20, 10]",0.3114222288131714,0.24509403109550476,0.3252938687801361
165,"[5, 1, 32, 'relu', 50, 7]",0.31155845522880554,0.24521659314632416,0.3256130516529083
166,"[5, 1, 128, 'tanh', 50, 10]",0.31161972880363464,0.24599342048168182,0.3255811929702759
167,"[5, 1, 128, 'tanh', 15, 10]",0.31168127059936523,0.24551822245121002,0.32554182410240173
168,"[5, 1, 64, 'relu', 40, 7]",0.3117158114910126,0.24408341944217682,0.3257012665271759
169,"[5, 1, 64, 'relu', 15, 7]",0.3117438852787018,0.2443731427192688,0.32572612166404724
170,"[5, 1, 32, 'relu', 40, 5]",0.3118743598461151,0.2461201399564743,0.3259265720844269
171,"[3, 1, 32, 'sigmoid', 20, 5]",0.31194207072257996,0.24324417114257812,0.3267453908920288
172,"[5, 1, 64, 'relu', 20, 7]",0.31200507283210754,0.24530348181724548,0.325970321893692
173,"[5, 1, 64, 'relu', 30, 7]",0.31205010414123535,0.24572136998176575,0.3260435163974762
174,"[5, 1, 64, 'sigmoid', 40, 10]",0.31212449073791504,0.24679683148860931,0.326164573431015
175,"[5, 1, 64, 'relu', 50, 7]",0.31222790479660034,0.24575242400169373,0.3262764513492584
176,"[5, 1, 64, 'tanh', 15, 7]",0.3122583329677582,0.24429039657115936,0.3261837065219879
177,"[5, 1, 64, 'tanh', 30, 7]",0.31226763129234314,0.24393434822559357,0.3262050449848175
178,"[5, 1, 32, 'relu', 15, 5]",0.3122795820236206,0.245926633477211,0.3262534439563751
179,"[5, 1, 64, 'tanh', 20, 7]",0.31229984760284424,0.24416792392730713,0.3262284994125366
180,"[3, 1, 32, 'relu', 40, 2]",0.3123549222946167,0.24706126749515533,0.3268755376338959
181,"[5, 1, 32, 'tanh', 30, 5]",0.3123990297317505,0.2443591207265854,0.32633543014526367
182,"[5, 1, 64, 'tanh', 40, 7]",0.3124253749847412,0.2445002943277359,0.3263847529888153
183,"[5, 1, 64, 'tanh', 50, 7]",0.31256070733070374,0.24502500891685486,0.32659080624580383
184,"[5, 1, 32, 'relu', 50, 5]",0.3126092851161957,0.24724365770816803,0.32667234539985657
185,"[5, 1, 128, 'relu', 50, 7]",0.31278184056282043,0.24580982327461243,0.3267594873905182
186,"[3, 1, 128, 'sigmoid', 30, 7]",0.3129024803638458,0.23911933600902557,0.32740211486816406
187,"[3, 1, 64, 'relu', 50, 2]",0.3129648268222809,0.250212699174881,0.326991468667984
188,"[3, 1, 128, 'sigmoid', 40, 2]",0.312991201877594,0.25654518604278564,0.32658421993255615
189,"[5, 1, 32, 'tanh', 20, 5]",0.31302645802497864,0.24577131867408752,0.32697656750679016
190,"[5, 1, 32, 'relu', 20, 5]",0.31303614377975464,0.2480059713125229,0.3270752727985382
191,"[3, 1, 128, 'sigmoid', 20, 7]",0.3130764961242676,0.23968687653541565,0.32766658067703247
192,"[5, 1, 64, 'sigmoid', 50, 10]",0.31312668323516846,0.24802924692630768,0.3272932767868042
193,"[5, 1, 32, 'sigmoid', 20, 10]",0.3131384253501892,0.24690808355808258,0.3274807631969452
194,"[5, 1, 32, 'relu', 30, 5]",0.3131546080112457,0.2465357929468155,0.3273260295391083
195,"[5, 1, 64, 'sigmoid', 20, 10]",0.31325221061706543,0.24852584302425385,0.3273967206478119
196,"[5, 1, 128, 'tanh', 40, 7]",0.3132915496826172,0.24540360271930695,0.3273119032382965
197,"[5, 1, 128, 'relu', 40, 7]",0.31330606341362,0.24563241004943848,0.32743847370147705
198,"[3, 1, 32, 'sigmoid', 30, 5]",0.31330621242523193,0.24387741088867188,0.3282814919948578
199,"[5, 1, 32, 'sigmoid', 15, 10]",0.31334710121154785,0.24755096435546875,0.3276478350162506
200,"[5, 1, 128, 'relu', 30, 7]",0.3133528530597687,0.24544480443000793,0.32738256454467773
201,"[5, 1, 128, 'relu', 20, 7]",0.313631534576416,0.2462913990020752,0.3276000916957855
202,"[5, 1, 128, 'relu', 15, 7]",0.3136374056339264,0.24580645561218262,0.32763350009918213
203,"[5, 1, 128, 'tanh', 30, 7]",0.3137371242046356,0.24537934362888336,0.32773634791374207
204,"[5, 1, 64, 'sigmoid', 15, 10]",0.3139074146747589,0.24819491803646088,0.3283992409706116
205,"[3, 1, 32, 'sigmoid', 40, 5]",0.31395354866981506,0.2447645217180252,0.3290034830570221
206,"[5, 1, 32, 'tanh', 40, 5]",0.3140980005264282,0.24749025702476501,0.32820871472358704
207,"[5, 1, 32, 'tanh', 50, 5]",0.31422916054725647,0.24794405698776245,0.32839930057525635
208,"[5, 1, 32, 'tanh', 15, 5]",0.3143027424812317,0.24619683623313904,0.3282857835292816
209,"[5, 1, 64, 'relu', 30, 5]",0.3143228590488434,0.24665318429470062,0.3284290134906769
210,"[5, 1, 128, 'tanh', 15, 7]",0.3145650327205658,0.24568898975849152,0.32850489020347595
211,"[3, 1, 64, 'tanh', 20, 2]",0.3146640956401825,0.26150956749916077,0.32831716537475586
212,"[5, 1, 128, 'tanh', 20, 7]",0.314665824174881,0.24562005698680878,0.32861003279685974
213,"[6, 1, 128, 'sigmoid', 50, 10]",0.3148062527179718,0.24312469363212585,0.32897165417671204
214,"[6, 1, 32, 'relu', 15, 10]",0.31480827927589417,0.243971049785614,0.32908499240875244
215,"[3, 1, 128, 'sigmoid', 40, 7]",0.31492775678634644,0.24092097580432892,0.3297441899776459
216,"[6, 1, 32, 'relu', 30, 10]",0.3149625062942505,0.24503889679908752,0.32923150062561035
217,"[5, 1, 64, 'relu', 20, 5]",0.3150229752063751,0.24718140065670013,0.32912319898605347
218,"[5, 1, 128, 'tanh', 50, 7]",0.31512245535850525,0.24763348698616028,0.3293524980545044
219,"[6, 1, 32, 'relu', 40, 10]",0.3151436746120453,0.24606996774673462,0.32945409417152405
220,"[3, 1, 64, 'sigmoid', 40, 5]",0.315173476934433,0.2406873255968094,0.32976236939430237
221,"[6, 1, 32, 'relu', 20, 10]",0.31520918011665344,0.24596205353736877,0.32947054505348206
222,"[3, 1, 32, 'relu', 30, 2]",0.31523340940475464,0.25109556317329407,0.3297089636325836
223,"[6, 1, 32, 'sigmoid', 40, 10]",0.3152467906475067,0.245522603392601,0.3295220136642456
224,"[6, 1, 64, 'sigmoid', 40, 10]",0.31540581583976746,0.2468446046113968,0.3298302888870239
225,"[6, 1, 32, 'relu', 50, 10]",0.31548503041267395,0.24716582894325256,0.32984113693237305
226,"[3, 1, 64, 'sigmoid', 50, 5]",0.31548503041267395,0.24170418083667755,0.3301750123500824
227,"[5, 1, 64, 'relu', 15, 5]",0.31552180647850037,0.2483927309513092,0.32957586646080017
228,"[6, 1, 32, 'tanh', 50, 10]",0.3155249357223511,0.24774928390979767,0.3297816216945648
229,"[6, 1, 32, 'sigmoid', 20, 7]",0.3155319392681122,0.2494589388370514,0.3298334777355194
230,"[5, 1, 64, 'relu', 40, 5]",0.3155634105205536,0.24808692932128906,0.3297177255153656
231,"[6, 1, 32, 'tanh', 15, 10]",0.3156210780143738,0.24655681848526,0.32986417412757874
232,"[6, 1, 32, 'sigmoid', 50, 7]",0.31562286615371704,0.24831576645374298,0.32993558049201965
233,"[5, 1, 64, 'tanh', 20, 5]",0.3156246542930603,0.24747668206691742,0.32963311672210693
234,"[3, 1, 128, 'sigmoid', 50, 7]",0.31564268469810486,0.242636039853096,0.3305617570877075
235,"[6, 1, 32, 'tanh', 30, 10]",0.31574469804763794,0.2475919872522354,0.33001264929771423
236,"[6, 1, 32, 'tanh', 30, 7]",0.3157920837402344,0.24613144993782043,0.3300219476222992
237,"[6, 1, 32, 'tanh', 40, 10]",0.31580835580825806,0.24755467474460602,0.33009615540504456
238,"[6, 1, 64, 'relu', 30, 10]",0.31582069396972656,0.24826502799987793,0.3300865888595581
239,"[6, 1, 64, 'tanh', 40, 10]",0.3158511817455292,0.24840955436229706,0.33010056614875793
240,"[5, 1, 64, 'relu', 50, 5]",0.3158605694770813,0.2502310574054718,0.33007219433784485
241,"[6, 1, 32, 'relu', 40, 7]",0.3158746659755707,0.24798916280269623,0.33024296164512634
242,"[5, 1, 64, 'tanh', 30, 5]",0.31590279936790466,0.2476789951324463,0.32995569705963135
243,"[6, 1, 32, 'relu', 30, 7]",0.31592634320259094,0.24672463536262512,0.33019042015075684
244,"[6, 1, 32, 'tanh', 20, 10]",0.31592798233032227,0.247830331325531,0.33018648624420166
245,"[6, 1, 64, 'relu', 40, 10]",0.3160032629966736,0.24920958280563354,0.3303084075450897
246,"[6, 1, 64, 'relu', 20, 10]",0.3161074221134186,0.2501678764820099,0.33040907979011536
247,"[5, 1, 32, 'sigmoid', 50, 7]",0.3161075711250305,0.2499900609254837,0.33062076568603516
248,"[6, 1, 64, 'tanh', 15, 10]",0.31618228554725647,0.24815590679645538,0.3304046094417572
249,"[6, 1, 64, 'tanh', 50, 10]",0.3162221908569336,0.24932412803173065,0.330498605966568
250,"[6, 1, 32, 'tanh', 20, 7]",0.3162228763103485,0.24732452630996704,0.33048689365386963
251,"[6, 1, 64, 'relu', 50, 10]",0.3162272274494171,0.25018078088760376,0.33050668239593506
252,"[6, 1, 32, 'relu', 15, 7]",0.3162679970264435,0.24964460730552673,0.3306039273738861
253,"[6, 1, 64, 'tanh', 30, 10]",0.3163073658943176,0.24837549030780792,0.3305477797985077
254,"[6, 1, 32, 'tanh', 50, 7]",0.31631889939308167,0.2483913004398346,0.3306412994861603
255,"[6, 1, 64, 'relu', 15, 10]",0.3163266181945801,0.2501802146434784,0.3306320905685425
256,"[6, 1, 32, 'tanh', 15, 7]",0.3163619339466095,0.24698805809020996,0.3306238651275635
257,"[6, 1, 64, 'tanh', 20, 10]",0.3163982331752777,0.2488592118024826,0.33063262701034546
258,"[6, 1, 32, 'relu', 50, 7]",0.31641486287117004,0.24871227145195007,0.3308163583278656
259,"[5, 1, 64, 'sigmoid', 40, 7]",0.31644582748413086,0.24898016452789307,0.33071205019950867
260,"[5, 1, 32, 'sigmoid', 20, 7]",0.3164501488208771,0.2508762776851654,0.3310162127017975
261,"[6, 1, 32, 'tanh', 40, 7]",0.31651416420936584,0.24827739596366882,0.33084383606910706
262,"[6, 1, 32, 'relu', 20, 7]",0.31656646728515625,0.24911126494407654,0.3309642970561981
263,"[6, 1, 128, 'relu', 30, 10]",0.31674304604530334,0.25079500675201416,0.33102086186408997
264,"[5, 1, 128, 'relu', 30, 5]",0.316815048456192,0.24839505553245544,0.3309052288532257
265,"[6, 1, 128, 'sigmoid', 15, 10]",0.3168272078037262,0.25145140290260315,0.331243097782135
266,"[5, 1, 128, 'sigmoid', 20, 10]",0.3168282210826874,0.2559375762939453,0.3309602439403534
267,"[6, 1, 128, 'relu', 20, 10]",0.31684356927871704,0.25142598152160645,0.3311136066913605
268,"[5, 1, 128, 'sigmoid', 20, 7]",0.3168593943119049,0.2531506419181824,0.3311504125595093
269,"[5, 1, 64, 'sigmoid', 30, 7]",0.3168658912181854,0.2495843768119812,0.3311920464038849
270,"[6, 1, 128, 'relu', 15, 10]",0.31688517332077026,0.2514702081680298,0.3311586081981659
271,"[5, 1, 128, 'relu', 40, 5]",0.31692981719970703,0.24887625873088837,0.3311234414577484
272,"[6, 1, 128, 'relu', 50, 10]",0.3169473707675934,0.25101378560066223,0.33127063512802124
273,"[6, 1, 128, 'relu', 40, 10]",0.3169960081577301,0.2510116398334503,0.3312934339046478
274,"[6, 1, 128, 'tanh', 20, 10]",0.31699705123901367,0.24964137375354767,0.3312247693538666
275,"[6, 1, 64, 'relu', 20, 7]",0.3170213997364044,0.24951113760471344,0.33130404353141785
276,"[6, 1, 128, 'tanh', 30, 10]",0.31702566146850586,0.2504291534423828,0.3312826454639435
277,"[3, 1, 128, 'tanh', 15, 2]",0.31703901290893555,0.2654436528682709,0.33030638098716736
278,"[3, 1, 32, 'tanh', 50, 2]",0.317065566778183,0.25238165259361267,0.3316803276538849
279,"[7, 1, 128, 'tanh', 40, 10]",0.31708842515945435,0.24680660665035248,0.33389315009117126
280,"[6, 1, 64, 'relu', 40, 7]",0.3170972466468811,0.2502613961696625,0.3313976526260376
281,"[3, 1, 64, 'relu', 40, 2]",0.31709879636764526,0.2543767988681793,0.3313409388065338
282,"[6, 1, 128, 'sigmoid', 30, 10]",0.3171347379684448,0.2512660324573517,0.33152809739112854
283,"[3, 1, 128, 'relu', 15, 2]",0.31719568371772766,0.26615533232688904,0.3304186761379242
284,"[5, 1, 32, 'sigmoid', 50, 5]",0.31724464893341064,0.2502326965332031,0.3316660225391388
285,"[6, 1, 128, 'tanh', 40, 10]",0.31725382804870605,0.2513437569141388,0.33157089352607727
286,"[5, 1, 64, 'tanh', 40, 5]",0.317271888256073,0.24982887506484985,0.33157476782798767
287,"[7, 1, 128, 'tanh', 50, 10]",0.3172808587551117,0.24678616225719452,0.3341904580593109
288,"[6, 1, 64, 'relu', 15, 7]",0.3173176944255829,0.25136101245880127,0.3316490054130554
289,"[5, 1, 64, 'tanh', 15, 5]",0.3173242211341858,0.2475147694349289,0.3313102424144745
290,"[3, 1, 128, 'relu', 20, 2]",0.3174099624156952,0.26503661274909973,0.3309919536113739
291,"[7, 1, 32, 'relu', 20, 10]",0.31742504239082336,0.2476402223110199,0.33428847789764404
292,"[3, 1, 64, 'sigmoid', 15, 2]",0.31749531626701355,0.2682787775993347,0.33089008927345276
293,"[7, 1, 32, 'relu', 15, 10]",0.3174981474876404,0.24705509841442108,0.33437380194664
294,"[7, 1, 32, 'sigmoid', 30, 10]",0.31751418113708496,0.2479761838912964,0.33440735936164856
295,"[7, 1, 32, 'relu', 30, 10]",0.3175806403160095,0.24826247990131378,0.3344598114490509
296,"[6, 1, 64, 'tanh', 40, 7]",0.31759363412857056,0.25005051493644714,0.33192333579063416
297,"[6, 1, 64, 'relu', 50, 7]",0.3175974488258362,0.2508852779865265,0.3320230543613434
298,"[5, 1, 32, 'sigmoid', 15, 7]",0.3176349699497223,0.25276172161102295,0.33232712745666504
299,"[6, 1, 32, 'relu', 15, 5]",0.31766101717948914,0.2505854666233063,0.3320160210132599
300,"[5, 1, 128, 'relu', 20, 5]",0.3176896870136261,0.24831625819206238,0.3317544460296631
301,"[3, 1, 64, 'tanh', 15, 2]",0.31769055128097534,0.2649858295917511,0.33150508999824524
302,"[6, 1, 128, 'sigmoid', 40, 10]",0.31769973039627075,0.255214124917984,0.3318919837474823
303,"[6, 1, 128, 'tanh', 15, 10]",0.3177245557308197,0.25099116563796997,0.3319416344165802
304,"[6, 1, 64, 'tanh', 30, 7]",0.3177284300327301,0.2499925047159195,0.3320128619670868
305,"[6, 1, 32, 'sigmoid', 50, 10]",0.3177781105041504,0.25167667865753174,0.33240482211112976
306,"[7, 1, 32, 'relu', 50, 10]",0.31779834628105164,0.24863310158252716,0.3347514569759369
307,"[5, 1, 64, 'sigmoid', 20, 7]",0.31780585646629333,0.25133606791496277,0.33219465613365173
308,"[7, 1, 32, 'tanh', 50, 10]",0.3179389536380768,0.24831105768680573,0.3347969949245453
309,"[6, 1, 128, 'sigmoid', 20, 7]",0.3179623484611511,0.2459745556116104,0.3320430815219879
310,"[7, 1, 32, 'relu', 40, 10]",0.31799349188804626,0.2488204687833786,0.3349056541919708
311,"[7, 1, 32, 'tanh', 30, 10]",0.3179970681667328,0.2488989382982254,0.3348429203033447
312,"[6, 1, 64, 'sigmoid', 15, 10]",0.31807035207748413,0.25084131956100464,0.33279791474342346
313,"[7, 1, 32, 'tanh', 40, 10]",0.3181116580963135,0.24917899072170258,0.3349616527557373
314,"[7, 1, 32, 'relu', 30, 7]",0.31816935539245605,0.2497028112411499,0.3350668251514435
315,"[7, 1, 64, 'relu', 30, 10]",0.318177729845047,0.25108131766319275,0.33504071831703186
316,"[6, 1, 64, 'tanh', 20, 7]",0.31825149059295654,0.2503903806209564,0.33253219723701477
317,"[7, 1, 64, 'relu', 50, 10]",0.3182675540447235,0.25027385354042053,0.3351060450077057
318,"[6, 1, 32, 'relu', 20, 5]",0.31833139061927795,0.2504880428314209,0.33265554904937744
319,"[6, 1, 32, 'relu', 30, 5]",0.3183441758155823,0.24993257224559784,0.33275046944618225
320,"[7, 1, 32, 'tanh', 20, 10]",0.31837141513824463,0.24703601002693176,0.3352351188659668
321,"[6, 1, 64, 'relu', 30, 7]",0.3183884918689728,0.25249263644218445,0.33270058035850525
322,"[7, 1, 64, 'tanh', 50, 10]",0.31839919090270996,0.2505170702934265,0.33526694774627686
323,"[7, 1, 64, 'relu', 15, 10]",0.3183997571468353,0.2512572705745697,0.33526572585105896
324,"[3, 1, 32, 'tanh', 40, 2]",0.31841567158699036,0.25334179401397705,0.3331449329853058
325,"[6, 1, 64, 'tanh', 15, 7]",0.31841805577278137,0.24961376190185547,0.3326684236526489
326,"[7, 1, 32, 'relu', 50, 7]",0.3184267282485962,0.24993780255317688,0.3353232443332672
327,"[6, 1, 128, 'relu', 30, 7]",0.31844890117645264,0.25151824951171875,0.33276623487472534
328,"[7, 1, 32, 'sigmoid', 50, 7]",0.31845200061798096,0.2510036528110504,0.33534595370292664
329,"[6, 1, 128, 'tanh', 50, 10]",0.31846338510513306,0.2532711625099182,0.3329233229160309
330,"[6, 1, 128, 'relu', 40, 7]",0.31846562027931213,0.2518323063850403,0.3327832520008087
331,"[7, 1, 64, 'relu', 20, 10]",0.3185935318470001,0.2514078617095947,0.33544278144836426
332,"[7, 1, 128, 'sigmoid', 40, 10]",0.31870853900909424,0.2516758143901825,0.3352987766265869
333,"[7, 1, 64, 'relu', 40, 10]",0.31876087188720703,0.2517433166503906,0.33564862608909607
334,"[7, 1, 32, 'sigmoid', 50, 10]",0.31876862049102783,0.2498330920934677,0.3360242545604706
335,"[7, 1, 32, 'relu', 20, 7]",0.3187834918498993,0.25049251317977905,0.33566907048225403
336,"[3, 1, 64, 'sigmoid', 20, 5]",0.3187970817089081,0.24473239481449127,0.3336304724216461
337,"[7, 1, 128, 'relu', 40, 10]",0.3188091814517975,0.250775545835495,0.3356868326663971
338,"[7, 1, 64, 'tanh', 40, 10]",0.31884607672691345,0.25137680768966675,0.3357016146183014
339,"[3, 1, 64, 'sigmoid', 30, 5]",0.3188595771789551,0.24570302665233612,0.3338020145893097
340,"[7, 1, 32, 'relu', 15, 7]",0.31894639134407043,0.249017596244812,0.3357957899570465
341,"[7, 1, 64, 'tanh', 30, 10]",0.31897929310798645,0.2510666847229004,0.3358319103717804
342,"[6, 1, 64, 'tanh', 50, 7]",0.319011390209198,0.2525887191295624,0.3335559070110321
343,"[7, 1, 64, 'tanh', 15, 10]",0.3190217614173889,0.25031810998916626,0.3358597755432129
344,"[7, 1, 64, 'tanh', 20, 10]",0.3190627098083496,0.250735342502594,0.3359019458293915
345,"[7, 1, 32, 'relu', 40, 7]",0.31906554102897644,0.2506190836429596,0.33599111437797546
346,"[5, 1, 32, 'sigmoid', 50, 10]",0.3191390931606293,0.25174474716186523,0.33407846093177795
347,"[7, 1, 32, 'tanh', 15, 10]",0.3191418945789337,0.2473110854625702,0.3360525369644165
348,"[7, 1, 128, 'relu', 50, 10]",0.3191518783569336,0.25241318345069885,0.3360081911087036
349,"[6, 1, 32, 'relu', 50, 5]",0.3192012310028076,0.2524247467517853,0.33356210589408875
350,"[7, 1, 32, 'tanh', 20, 7]",0.31923896074295044,0.24898716807365417,0.3360980749130249
351,"[5, 1, 128, 'relu', 15, 5]",0.3192645311355591,0.2497432827949524,0.3333587944507599
352,"[6, 1, 128, 'tanh', 30, 7]",0.31932729482650757,0.2518744468688965,0.33367982506752014
353,"[6, 1, 128, 'sigmoid', 20, 10]",0.3193488121032715,0.2597319483757019,0.33387041091918945
354,"[5, 1, 128, 'tanh', 30, 5]",0.3193916082382202,0.2502647042274475,0.3335978090763092
355,"[7, 1, 128, 'relu', 20, 10]",0.3194361925125122,0.25198832154273987,0.33625349402427673
356,"[6, 1, 128, 'relu', 20, 7]",0.3194839060306549,0.25247564911842346,0.3337322771549225
357,"[7, 1, 32, 'relu', 15, 5]",0.3195277452468872,0.2527965009212494,0.33644652366638184
358,"[6, 1, 128, 'tanh', 20, 7]",0.3195312023162842,0.2516379654407501,0.333795428276062
359,"[6, 1, 32, 'tanh', 30, 5]",0.31957170367240906,0.25185468792915344,0.3339507281780243
360,"[7, 1, 128, 'tanh', 30, 10]",0.31958967447280884,0.25111353397369385,0.3365027904510498
361,"[7, 1, 64, 'sigmoid', 40, 10]",0.3196101486682892,0.2559410631656647,0.33671268820762634
362,"[6, 1, 128, 'relu', 15, 7]",0.3196217715740204,0.25163647532463074,0.33389779925346375
363,"[6, 1, 32, 'sigmoid', 15, 10]",0.31962311267852783,0.2521010935306549,0.33448919653892517
364,"[7, 1, 32, 'tanh', 30, 7]",0.31963062286376953,0.25055262446403503,0.33655595779418945
365,"[7, 1, 128, 'relu', 30, 10]",0.3196427524089813,0.25292056798934937,0.33649930357933044
366,"[6, 1, 32, 'tanh', 20, 5]",0.31974127888679504,0.25169554352760315,0.3341010808944702
367,"[7, 1, 64, 'relu', 50, 7]",0.31986042857170105,0.2515195906162262,0.3368465006351471
368,"[6, 1, 32, 'relu', 40, 5]",0.3199458122253418,0.2517492175102234,0.33457183837890625
369,"[7, 1, 128, 'relu', 15, 10]",0.31995296478271484,0.2529486119747162,0.3368009626865387
370,"[6, 1, 32, 'sigmoid', 40, 5]",0.31997302174568176,0.2535255253314972,0.3349612057209015
371,"[6, 1, 32, 'sigmoid', 15, 7]",0.3200131356716156,0.25425365567207336,0.33477237820625305
372,"[6, 1, 32, 'sigmoid', 30, 10]",0.32001760601997375,0.2544368803501129,0.3349025249481201
373,"[7, 1, 32, 'tanh', 40, 7]",0.32006117701530457,0.25099462270736694,0.33697009086608887
374,"[7, 1, 32, 'tanh', 15, 7]",0.3200969398021698,0.25090333819389343,0.3370167315006256
375,"[7, 1, 32, 'sigmoid', 15, 7]",0.3201061487197876,0.2527373433113098,0.3373296558856964
376,"[6, 1, 32, 'tanh', 50, 5]",0.32014843821525574,0.2523585259914398,0.334743469953537
377,"[3, 1, 64, 'sigmoid', 15, 5]",0.32014936208724976,0.24658071994781494,0.3350299298763275
378,"[7, 1, 64, 'sigmoid', 50, 10]",0.32014963030815125,0.2532045245170593,0.3371448516845703
379,"[6, 1, 128, 'relu', 50, 7]",0.32015514373779297,0.2543126940727234,0.3346531391143799
380,"[5, 1, 32, 'sigmoid', 30, 7]",0.3201656639575958,0.2558007836341858,0.3351360857486725
381,"[6, 1, 64, 'relu', 20, 5]",0.32020655274391174,0.25559523701667786,0.3346136510372162
382,"[7, 1, 32, 'tanh', 50, 7]",0.32020753622055054,0.25170210003852844,0.3372727930545807
383,"[5, 1, 128, 'tanh', 20, 5]",0.3202308416366577,0.2507927715778351,0.3342512845993042
384,"[6, 1, 32, 'tanh', 40, 5]",0.32045552134513855,0.25209319591522217,0.3349352777004242
385,"[5, 1, 32, 'sigmoid', 40, 7]",0.320539653301239,0.25548043847084045,0.33564266562461853
386,"[7, 1, 128, 'tanh', 20, 10]",0.3205397427082062,0.25270718336105347,0.33738723397254944
387,"[7, 1, 64, 'relu', 30, 7]",0.32058414816856384,0.2525610625743866,0.3374791145324707
388,"[3, 1, 128, 'tanh', 20, 2]",0.320600688457489,0.2693121135234833,0.3340740203857422
389,"[7, 1, 64, 'sigmoid', 30, 10]",0.32066604495048523,0.25301873683929443,0.3380261957645416
390,"[6, 1, 128, 'tanh', 40, 7]",0.3206802010536194,0.2539789378643036,0.33528801798820496
391,"[6, 1, 32, 'tanh', 15, 5]",0.320842981338501,0.2534695863723755,0.33515965938568115
392,"[3, 1, 32, 'relu', 20, 2]",0.3208538889884949,0.25853395462036133,0.33564630150794983
393,"[7, 1, 64, 'relu', 40, 7]",0.3209773302078247,0.25336378812789917,0.33803531527519226
394,"[6, 1, 64, 'relu', 30, 5]",0.3210359513759613,0.2534625232219696,0.335488885641098
395,"[6, 1, 128, 'tanh', 15, 7]",0.32105740904808044,0.2525661289691925,0.33531907200813293
396,"[7, 1, 64, 'sigmoid', 20, 10]",0.3210986852645874,0.25524815917015076,0.33821049332618713
397,"[7, 1, 64, 'tanh', 40, 7]",0.3211387097835541,0.25285807251930237,0.33815717697143555
398,"[5, 1, 64, 'sigmoid', 15, 7]",0.3212240934371948,0.25589698553085327,0.3358888626098633
399,"[5, 1, 128, 'sigmoid', 40, 10]",0.3212627172470093,0.2578456401824951,0.33579349517822266
400,"[7, 1, 64, 'tanh', 30, 7]",0.32131630182266235,0.2517925202846527,0.33822956681251526
401,"[7, 1, 64, 'sigmoid', 15, 10]",0.32138168811798096,0.25613880157470703,0.338571697473526
402,"[7, 1, 64, 'relu', 15, 7]",0.3213937282562256,0.25328996777534485,0.33831873536109924
403,"[7, 1, 32, 'tanh', 30, 5]",0.3214370906352997,0.25366804003715515,0.33831217885017395
404,"[7, 1, 128, 'tanh', 15, 10]",0.3214566707611084,0.2542705833911896,0.3383055031299591
405,"[5, 1, 32, 'sigmoid', 40, 5]",0.32149916887283325,0.25611862540245056,0.3362703323364258
406,"[7, 1, 32, 'relu', 30, 5]",0.32150915265083313,0.2520074248313904,0.3384294807910919
407,"[5, 1, 128, 'sigmoid', 15, 10]",0.32160380482673645,0.25440654158592224,0.33597028255462646
408,"[7, 1, 32, 'sigmoid', 20, 7]",0.3216443359851837,0.2547677457332611,0.33889293670654297
409,"[7, 1, 32, 'relu', 40, 5]",0.32165247201919556,0.25317904353141785,0.33880725502967834
410,"[6, 1, 64, 'sigmoid', 20, 10]",0.321710467338562,0.2567349970340729,0.3368009626865387
411,"[7, 1, 32, 'relu', 20, 5]",0.32176801562309265,0.25284677743911743,0.3387444019317627
412,"[6, 1, 32, 'sigmoid', 40, 7]",0.3217690885066986,0.2566346824169159,0.3367096483707428
413,"[6, 1, 64, 'relu', 15, 5]",0.32180163264274597,0.25479432940483093,0.33611762523651123
414,"[5, 1, 32, 'sigmoid', 20, 5]",0.32185032963752747,0.2565295100212097,0.33663392066955566
415,"[5, 1, 128, 'tanh', 15, 5]",0.3218803405761719,0.25241750478744507,0.33592286705970764
416,"[6, 1, 32, 'sigmoid', 30, 5]",0.3218880593776703,0.2585867941379547,0.3370286226272583
417,"[7, 1, 128, 'sigmoid', 15, 7]",0.3218914866447449,0.2454034686088562,0.33885446190834045
418,"[7, 1, 64, 'relu', 20, 7]",0.3218936324119568,0.25345489382743835,0.3388024568557739
419,"[6, 1, 64, 'sigmoid', 30, 7]",0.32207220792770386,0.2559932768344879,0.3367392122745514
420,"[7, 1, 128, 'relu', 40, 7]",0.3221346437931061,0.2547949254512787,0.3391791880130768
421,"[6, 1, 64, 'sigmoid', 50, 7]",0.32227823138237,0.2555646002292633,0.33695554733276367
422,"[7, 1, 32, 'sigmoid', 15, 10]",0.32243433594703674,0.25509902834892273,0.3399556577205658
423,"[7, 1, 64, 'tanh', 20, 7]",0.32253170013427734,0.253143310546875,0.33947452902793884
424,"[7, 1, 32, 'sigmoid', 30, 7]",0.3225801885128021,0.25545936822891235,0.3399365246295929
425,"[7, 1, 128, 'relu', 50, 7]",0.3227287530899048,0.2552117109298706,0.3400026857852936
426,"[7, 1, 64, 'tanh', 15, 7]",0.3228531777858734,0.25345808267593384,0.3397838771343231
427,"[7, 1, 32, 'tanh', 20, 5]",0.32286497950553894,0.2547766864299774,0.3398306369781494
428,"[7, 1, 128, 'relu', 15, 7]",0.3228660821914673,0.25486618280410767,0.3397843837738037
429,"[7, 1, 128, 'relu', 30, 7]",0.3231229782104492,0.25526338815689087,0.3400578498840332
430,"[7, 1, 128, 'tanh', 30, 7]",0.32313692569732666,0.25526705384254456,0.3401709496974945
431,"[5, 1, 64, 'sigmoid', 50, 7]",0.32326391339302063,0.2572537660598755,0.33820101618766785
432,"[7, 1, 64, 'tanh', 50, 7]",0.323297381401062,0.2556997835636139,0.3406965434551239
433,"[6, 1, 64, 'relu', 50, 5]",0.32335522770881653,0.25701677799224854,0.33797740936279297
434,"[6, 1, 64, 'sigmoid', 30, 10]",0.3233575224876404,0.26009902358055115,0.33831390738487244
435,"[6, 1, 64, 'tanh', 30, 5]",0.32345181703567505,0.25668448209762573,0.3379349410533905
436,"[7, 1, 32, 'tanh', 40, 5]",0.32353195548057556,0.25520724058151245,0.3407202661037445
437,"[7, 1, 128, 'relu', 20, 7]",0.32356828451156616,0.25503796339035034,0.3405032157897949
438,"[6, 1, 64, 'tanh', 20, 5]",0.32360363006591797,0.25675609707832336,0.33793318271636963
439,"[6, 1, 64, 'relu', 40, 5]",0.3236781358718872,0.2561706006526947,0.33819517493247986
440,"[7, 1, 128, 'sigmoid', 15, 10]",0.3238270878791809,0.2619732916355133,0.3409818708896637
441,"[7, 1, 32, 'sigmoid', 40, 10]",0.3238425850868225,0.25618234276771545,0.3416135311126709
442,"[6, 1, 64, 'tanh', 40, 5]",0.3238697946071625,0.25640514492988586,0.33861079812049866
443,"[6, 1, 64, 'sigmoid', 20, 7]",0.3238898813724518,0.2580828070640564,0.3386315107345581
444,"[7, 1, 128, 'tanh', 40, 7]",0.3240560293197632,0.2556159496307373,0.3414350748062134
445,"[6, 1, 64, 'sigmoid', 50, 10]",0.32428085803985596,0.26092037558555603,0.3390195369720459
446,"[7, 1, 128, 'tanh', 20, 7]",0.32432353496551514,0.25499626994132996,0.3412775695323944
447,"[5, 1, 128, 'tanh', 40, 5]",0.3243334889411926,0.256165474653244,0.3391747772693634
448,"[6, 1, 32, 'sigmoid', 20, 10]",0.3243846595287323,0.25892823934555054,0.3395984172821045
449,"[7, 1, 64, 'relu', 40, 5]",0.3245922327041626,0.25580641627311707,0.3418161869049072
450,"[5, 1, 32, 'sigmoid', 30, 5]",0.3248150944709778,0.26181304454803467,0.3400629460811615
451,"[5, 1, 128, 'sigmoid', 40, 7]",0.32481855154037476,0.2555605173110962,0.33937302231788635
452,"[3, 1, 32, 'tanh', 30, 2]",0.3248779773712158,0.2600407898426056,0.3396812379360199
453,"[6, 1, 64, 'tanh', 15, 5]",0.32489728927612305,0.2575908601284027,0.3392288386821747
454,"[6, 1, 32, 'sigmoid', 30, 7]",0.3250022828578949,0.2596907615661621,0.34037911891937256
455,"[7, 1, 32, 'tanh', 15, 5]",0.32507652044296265,0.25577250123023987,0.34213075041770935
456,"[7, 1, 64, 'relu', 20, 5]",0.32519108057022095,0.2571580708026886,0.342266708612442
457,"[5, 1, 64, 'tanh', 50, 5]",0.32522639632225037,0.25756484270095825,0.3405655324459076
458,"[6, 1, 128, 'relu', 30, 5]",0.32530468702316284,0.25839853286743164,0.3400777578353882
459,"[7, 1, 64, 'relu', 30, 5]",0.3254339396953583,0.2559081017971039,0.342571496963501
460,"[7, 1, 128, 'tanh', 15, 7]",0.32575520873069763,0.2563166916370392,0.34273195266723633
461,"[6, 1, 128, 'relu', 20, 5]",0.32585978507995605,0.2589883506298065,0.3402409255504608
462,"[7, 1, 32, 'sigmoid', 40, 7]",0.32596564292907715,0.26031312346458435,0.3436085283756256
463,"[7, 1, 32, 'sigmoid', 15, 5]",0.32625049352645874,0.2613247036933899,0.3435957729816437
464,"[5, 1, 32, 'sigmoid', 15, 5]",0.3262963891029358,0.262069433927536,0.34151092171669006
465,"[6, 1, 32, 'sigmoid', 50, 5]",0.3263348639011383,0.25900939106941223,0.34131190180778503
466,"[7, 1, 32, 'relu', 50, 5]",0.3263440430164337,0.25808700919151306,0.3441431224346161
467,"[7, 1, 128, 'sigmoid', 30, 10]",0.3263761103153229,0.26214051246643066,0.3435022830963135
468,"[7, 1, 32, 'tanh', 50, 5]",0.3264952600002289,0.2583383321762085,0.3441579043865204
469,"[7, 1, 64, 'relu', 15, 5]",0.3265874981880188,0.2577226758003235,0.3435932397842407
470,"[7, 1, 32, 'sigmoid', 20, 10]",0.32658901810646057,0.26069411635398865,0.3446179926395416
471,"[3, 1, 64, 'tanh', 50, 2]",0.3266603648662567,0.26355287432670593,0.34134340286254883
472,"[7, 1, 128, 'sigmoid', 20, 10]",0.3267742693424225,0.2653850018978119,0.343564510345459
473,"[7, 1, 64, 'sigmoid', 20, 7]",0.3268323242664337,0.26205533742904663,0.3445100784301758
474,"[7, 1, 64, 'tanh', 30, 5]",0.3271251618862152,0.2599072754383087,0.3443051874637604
475,"[5, 1, 128, 'sigmoid', 50, 7]",0.3272007703781128,0.2581658959388733,0.3420262336730957
476,"[7, 1, 64, 'sigmoid', 40, 7]",0.3272548019886017,0.2607235312461853,0.3447226583957672
477,"[7, 1, 64, 'tanh', 20, 5]",0.32736241817474365,0.25970643758773804,0.34439849853515625
478,"[6, 1, 64, 'sigmoid', 40, 7]",0.3275473415851593,0.2625419795513153,0.34269726276397705
479,"[7, 1, 128, 'tanh', 50, 7]",0.3276853859424591,0.25965920090675354,0.3456440269947052
480,"[7, 1, 128, 'sigmoid', 50, 7]",0.32792431116104126,0.2627181112766266,0.3451613485813141
481,"[6, 1, 128, 'tanh', 20, 5]",0.3280681371688843,0.2635088264942169,0.34247303009033203
482,"[6, 1, 128, 'relu', 15, 5]",0.32815641164779663,0.2639602720737457,0.3424758017063141
483,"[3, 1, 32, 'tanh', 15, 2]",0.32863089442253113,0.2680078446865082,0.3431330621242523
484,"[7, 1, 32, 'sigmoid', 50, 5]",0.3287559151649475,0.26072677969932556,0.34636011719703674
485,"[7, 1, 64, 'tanh', 15, 5]",0.32876554131507874,0.26093992590904236,0.3457561731338501
486,"[6, 1, 128, 'tanh', 30, 5]",0.3287888765335083,0.26321911811828613,0.3435245454311371
487,"[3, 1, 128, 'relu', 50, 2]",0.32893702387809753,0.2677995264530182,0.3433797359466553
488,"[7, 1, 64, 'sigmoid', 15, 7]",0.32945024967193604,0.26475057005882263,0.3470352590084076
489,"[6, 1, 128, 'sigmoid', 40, 7]",0.3294692039489746,0.26118913292884827,0.3442095220088959
490,"[6, 1, 128, 'tanh', 15, 5]",0.3295646607875824,0.26225829124450684,0.34389328956604004
491,"[6, 1, 64, 'tanh', 50, 5]",0.3299920856952667,0.261210173368454,0.34554120898246765
492,"[7, 1, 32, 'sigmoid', 40, 5]",0.3300014138221741,0.2622438967227936,0.3477068841457367
493,"[5, 1, 32, 'relu', 50, 2]",0.3300365209579468,0.2696967124938965,0.34511998295783997
494,"[6, 1, 64, 'sigmoid', 15, 7]",0.33014264702796936,0.26656341552734375,0.3453477919101715
495,"[7, 1, 128, 'relu', 30, 5]",0.33022430539131165,0.2638803720474243,0.3474893271923065
496,"[7, 1, 64, 'tanh', 40, 5]",0.3305046260356903,0.2627124488353729,0.34837040305137634
497,"[7, 1, 128, 'relu', 20, 5]",0.33053329586982727,0.2620183527469635,0.34762391448020935
498,"[3, 1, 128, 'tanh', 50, 2]",0.3307775557041168,0.27074098587036133,0.34531116485595703
499,"[3, 1, 32, 'tanh', 20, 2]",0.33080098032951355,0.2680286169052124,0.3455559313297272
500,"[7, 1, 64, 'relu', 50, 5]",0.330996036529541,0.26504313945770264,0.34856998920440674
501,"[7, 1, 64, 'sigmoid', 50, 7]",0.33168452978134155,0.26569271087646484,0.3495441973209381
502,"[5, 1, 64, 'sigmoid', 40, 5]",0.33169934153556824,0.2636425495147705,0.3466874063014984
503,"[5, 1, 32, 'relu', 40, 2]",0.3318633735179901,0.272948294878006,0.34622594714164734
504,"[7, 1, 128, 'sigmoid', 50, 10]",0.3318847715854645,0.2654974162578583,0.3490976095199585
505,"[3, 1, 128, 'relu', 30, 2]",0.3318905830383301,0.2751976251602173,0.3459407389163971
506,"[3, 1, 64, 'relu', 20, 2]",0.3320370018482208,0.27273643016815186,0.3465449810028076
507,"[6, 1, 32, 'sigmoid', 15, 5]",0.3320428729057312,0.26633420586586,0.3475509583950043
508,"[7, 1, 64, 'sigmoid', 30, 7]",0.33206644654273987,0.26756551861763,0.3501167297363281
509,"[6, 1, 128, 'tanh', 40, 5]",0.33207428455352783,0.2658301591873169,0.3474200963973999
510,"[3, 1, 128, 'sigmoid', 20, 2]",0.332089364528656,0.2849947512149811,0.3444918692111969
511,"[6, 1, 32, 'tanh', 15, 2]",0.3322239816188812,0.28219202160835266,0.34613749384880066
512,"[6, 1, 32, 'sigmoid', 20, 5]",0.33235180377960205,0.26598697900772095,0.3478550910949707
513,"[3, 1, 32, 'relu', 15, 2]",0.3326820433139801,0.26985710859298706,0.34766674041748047
514,"[5, 1, 64, 'relu', 50, 2]",0.3329854905605316,0.2746545970439911,0.3479258716106415
515,"[5, 1, 64, 'sigmoid', 15, 5]",0.333083838224411,0.2641448676586151,0.3480433225631714
516,"[7, 1, 128, 'tanh', 30, 5]",0.33309561014175415,0.2668585777282715,0.35055670142173767
517,"[3, 1, 64, 'relu', 30, 2]",0.33347150683403015,0.27005624771118164,0.34815946221351624
518,"[5, 1, 128, 'sigmoid', 30, 7]",0.333560973405838,0.2534502148628235,0.34927240014076233
519,"[7, 1, 128, 'relu', 40, 5]",0.33371204137802124,0.26657965779304504,0.351433664560318
520,"[3, 1, 128, 'relu', 40, 2]",0.33385002613067627,0.2732374370098114,0.3482530117034912
521,"[7, 1, 128, 'tanh', 20, 5]",0.3338969647884369,0.267436683177948,0.35107508301734924
522,"[7, 1, 128, 'relu', 15, 5]",0.33404698967933655,0.26748207211494446,0.35110247135162354
523,"[6, 1, 128, 'tanh', 50, 7]",0.334060937166214,0.266189306974411,0.35073766112327576
524,"[5, 1, 128, 'tanh', 50, 5]",0.3340628147125244,0.26613178849220276,0.3501024544239044
525,"[3, 1, 64, 'sigmoid', 20, 2]",0.3340827226638794,0.28206026554107666,0.3481452465057373
526,"[6, 1, 128, 'relu', 40, 5]",0.33422136306762695,0.2669430375099182,0.34943708777427673
527,"[3, 1, 64, 'relu', 15, 2]",0.3344934284687042,0.2761714458465576,0.34896668791770935
528,"[3, 1, 64, 'sigmoid', 50, 2]",0.33468466997146606,0.2847570478916168,0.3481369912624359
529,"[5, 1, 32, 'tanh', 50, 2]",0.33482733368873596,0.27465611696243286,0.34975695610046387
530,"[7, 1, 128, 'tanh', 15, 5]",0.33510762453079224,0.2662787139415741,0.35221585631370544
531,"[3, 1, 64, 'tanh', 40, 2]",0.33554351329803467,0.2717040479183197,0.35046443343162537
532,"[5, 1, 64, 'sigmoid', 30, 5]",0.3362357020378113,0.26827123761177063,0.3515332043170929
533,"[7, 1, 128, 'tanh', 40, 5]",0.33639657497406006,0.2696460485458374,0.3546281158924103
534,"[3, 1, 128, 'sigmoid', 15, 2]",0.3364740312099457,0.2882396876811981,0.34911444783210754
535,"[7, 1, 32, 'sigmoid', 30, 5]",0.3366287350654602,0.26949602365493774,0.3555862009525299
536,"[6, 1, 64, 'relu', 15, 2]",0.33678293228149414,0.2878815531730652,0.3507969379425049
537,"[7, 1, 32, 'sigmoid', 20, 5]",0.33682218194007874,0.2708171308040619,0.35510095953941345
538,"[5, 1, 128, 'relu', 50, 5]",0.3370550274848938,0.2710379362106323,0.35312366485595703
539,"[5, 1, 64, 'sigmoid', 20, 5]",0.33738696575164795,0.2698155343532562,0.35278216004371643
540,"[6, 1, 32, 'sigmoid', 15, 2]",0.3380909264087677,0.29057976603507996,0.35197925567626953
541,"[7, 1, 128, 'sigmoid', 30, 7]",0.3381597101688385,0.27024877071380615,0.35556843876838684
542,"[6, 1, 128, 'relu', 50, 5]",0.3383423686027527,0.27219250798225403,0.3541492521762848
543,"[6, 1, 64, 'sigmoid', 30, 5]",0.3384936451911926,0.26776471734046936,0.35373926162719727
544,"[5, 1, 32, 'tanh', 40, 2]",0.3385600745677948,0.27911052107810974,0.3530573844909668
545,"[6, 1, 128, 'sigmoid', 30, 7]",0.3392362892627716,0.2691532373428345,0.3542758524417877
546,"[6, 1, 64, 'sigmoid', 20, 5]",0.3397550880908966,0.2693345248699188,0.3551284372806549
547,"[6, 1, 64, 'sigmoid', 15, 5]",0.3399323523044586,0.26992619037628174,0.3550916910171509
548,"[7, 1, 64, 'sigmoid', 30, 5]",0.3403668701648712,0.2703627645969391,0.35816192626953125
549,"[7, 1, 64, 'relu', 15, 2]",0.34080854058265686,0.2909427881240845,0.35745206475257874
550,"[6, 1, 64, 'sigmoid', 50, 5]",0.3408335745334625,0.27034053206443787,0.3564043939113617
551,"[3, 1, 64, 'tanh', 30, 2]",0.3413727879524231,0.27908095717430115,0.35619255900382996
552,"[3, 1, 32, 'sigmoid', 40, 2]",0.3413928747177124,0.2765333354473114,0.3573645055294037
553,"[7, 1, 64, 'sigmoid', 50, 5]",0.3414326310157776,0.27031776309013367,0.35950973629951477
554,"[7, 1, 64, 'sigmoid', 20, 5]",0.34161385893821716,0.27216070890426636,0.35937634110450745
555,"[5, 1, 64, 'sigmoid', 50, 5]",0.34186169505119324,0.27307698130607605,0.357645183801651
556,"[7, 1, 32, 'relu', 40, 2]",0.34193357825279236,0.2827933430671692,0.35935738682746887
557,"[6, 1, 128, 'tanh', 50, 5]",0.34194791316986084,0.2711310386657715,0.358748197555542
558,"[6, 1, 32, 'relu', 50, 2]",0.34198009967803955,0.28322651982307434,0.3571945130825043
559,"[3, 1, 128, 'tanh', 40, 2]",0.342387318611145,0.28140196204185486,0.3572157621383667
560,"[5, 1, 64, 'relu', 15, 2]",0.34241431951522827,0.2901579737663269,0.3563927412033081
561,"[3, 1, 128, 'tanh', 30, 2]",0.34275203943252563,0.28348585963249207,0.35744544863700867
562,"[5, 1, 32, 'relu', 20, 2]",0.3427693247795105,0.28475213050842285,0.3572262227535248
563,"[5, 1, 32, 'relu', 30, 2]",0.34300509095191956,0.28265485167503357,0.3575996160507202
564,"[5, 1, 32, 'relu', 15, 2]",0.3431335389614105,0.28595393896102905,0.35731610655784607
565,"[7, 1, 32, 'relu', 50, 2]",0.34320172667503357,0.28345030546188354,0.3611481189727783
566,"[5, 1, 64, 'tanh', 50, 2]",0.3435525596141815,0.28450095653533936,0.3583376705646515
567,"[6, 1, 32, 'tanh', 40, 2]",0.34363794326782227,0.2849128544330597,0.3585320711135864
568,"[7, 1, 128, 'sigmoid', 20, 7]",0.3437695801258087,0.25143468379974365,0.364053875207901
569,"[6, 1, 32, 'tanh', 50, 2]",0.3441431224346161,0.28398263454437256,0.35980820655822754
570,"[7, 1, 128, 'relu', 50, 5]",0.34491556882858276,0.2737879455089569,0.364668607711792
571,"[7, 1, 128, 'tanh', 50, 5]",0.3449852466583252,0.27345597743988037,0.3647237718105316
572,"[7, 1, 32, 'tanh', 50, 2]",0.3452531397342682,0.2837966978549957,0.3638417422771454
573,"[7, 1, 64, 'tanh', 50, 5]",0.34626129269599915,0.2733680307865143,0.3669365346431732
574,"[5, 1, 64, 'relu', 40, 2]",0.3464899957180023,0.2861153483390808,0.36154595017433167
575,"[6, 1, 64, 'sigmoid', 40, 5]",0.34693801403045654,0.27605706453323364,0.36296191811561584
576,"[5, 1, 32, 'tanh', 30, 2]",0.3469752073287964,0.2865176498889923,0.3617934286594391
577,"[3, 1, 128, 'sigmoid', 40, 5]",0.34761136770248413,0.2621988356113434,0.36306723952293396
578,"[5, 1, 128, 'relu', 50, 2]",0.3476543724536896,0.2906339168548584,0.3620445728302002
579,"[5, 1, 64, 'tanh', 15, 2]",0.34770482778549194,0.29603445529937744,0.36180540919303894
580,"[6, 1, 32, 'relu', 40, 2]",0.34797403216362,0.2879979908466339,0.36367806792259216
581,"[7, 1, 64, 'sigmoid', 15, 5]",0.3493289351463318,0.27858421206474304,0.3680201470851898
582,"[7, 1, 128, 'sigmoid', 40, 7]",0.34980884194374084,0.2802346646785736,0.36789965629577637
583,"[5, 1, 128, 'relu', 15, 2]",0.3498600125312805,0.2993297874927521,0.3635702431201935
584,"[3, 1, 128, 'sigmoid', 30, 5]",0.3504635989665985,0.2648344933986664,0.36606860160827637
585,"[6, 1, 32, 'relu', 30, 2]",0.35054925084114075,0.2894570827484131,0.36540326476097107
586,"[7, 1, 64, 'sigmoid', 40, 5]",0.3508285880088806,0.2791457772254944,0.3696928918361664
587,"[6, 1, 64, 'relu', 50, 2]",0.3511137068271637,0.2910563349723816,0.3670881688594818
588,"[7, 1, 32, 'tanh', 40, 2]",0.3511238694190979,0.29018908739089966,0.3690171539783478
589,"[3, 1, 128, 'sigmoid', 15, 5]",0.35141250491142273,0.2643548846244812,0.36668315529823303
590,"[3, 1, 128, 'sigmoid', 20, 5]",0.35159099102020264,0.26518404483795166,0.367208331823349
591,"[6, 1, 128, 'sigmoid', 15, 7]",0.3517146408557892,0.279299795627594,0.3672765791416168
592,"[5, 1, 128, 'relu', 20, 2]",0.3529433012008667,0.3002799153327942,0.3668477237224579
593,"[6, 1, 64, 'tanh', 50, 2]",0.35370683670043945,0.2932083308696747,0.3694401979446411
594,"[6, 1, 32, 'tanh', 30, 2]",0.35462647676467896,0.2937246859073639,0.36935916543006897
595,"[6, 1, 128, 'relu', 15, 2]",0.35559847950935364,0.30495119094848633,0.3696419298648834
596,"[7, 1, 64, 'tanh', 50, 2]",0.35565948486328125,0.2940691411495209,0.3739524781703949
597,"[7, 1, 64, 'relu', 50, 2]",0.3557349145412445,0.29443618655204773,0.37464138865470886
598,"[7, 1, 32, 'tanh', 30, 2]",0.35605987906455994,0.29431021213531494,0.3738129138946533
599,"[7, 1, 32, 'tanh', 15, 2]",0.3561362326145172,0.3014931082725525,0.3734816610813141
600,"[5, 1, 32, 'tanh', 20, 2]",0.3563574552536011,0.29463088512420654,0.3711848556995392
601,"[7, 1, 32, 'relu', 30, 2]",0.35685259103775024,0.2951345443725586,0.37423840165138245
602,"[5, 1, 64, 'tanh', 40, 2]",0.3572539985179901,0.29568397998809814,0.3722440004348755
603,"[5, 1, 64, 'relu', 30, 2]",0.35919681191444397,0.2990393340587616,0.37382209300994873
604,"[7, 1, 32, 'relu', 15, 2]",0.359781950712204,0.30093368887901306,0.37722328305244446
605,"[7, 1, 32, 'relu', 20, 2]",0.35980162024497986,0.29836833477020264,0.3772754669189453
606,"[3, 1, 32, 'sigmoid', 30, 2]",0.3601722717285156,0.2927621603012085,0.3761669099330902
607,"[6, 1, 128, 'relu', 50, 2]",0.36019372940063477,0.29910996556282043,0.3754326105117798
608,"[7, 1, 128, 'relu', 15, 2]",0.3603198826313019,0.3067430257797241,0.37753427028656006
609,"[5, 1, 128, 'sigmoid', 20, 5]",0.36049795150756836,0.27877357602119446,0.37568172812461853
610,"[3, 1, 32, 'sigmoid', 50, 2]",0.36059126257896423,0.29288673400878906,0.3764628469944
611,"[6, 1, 64, 'relu', 40, 2]",0.3606586754322052,0.2987847328186035,0.37565720081329346
612,"[6, 1, 32, 'relu', 20, 2]",0.36150261759757996,0.2998349368572235,0.37644076347351074
613,"[5, 1, 128, 'tanh', 50, 2]",0.36177343130111694,0.301166832447052,0.37678107619285583
614,"[7, 1, 32, 'sigmoid', 15, 2]",0.3620016574859619,0.3169897794723511,0.37742647528648376
615,"[5, 1, 128, 'sigmoid', 15, 5]",0.3621716797351837,0.28110888600349426,0.37727823853492737
616,"[7, 1, 64, 'relu', 40, 2]",0.3623692989349365,0.2997203469276428,0.38005781173706055
617,"[6, 1, 32, 'relu', 15, 2]",0.363090455532074,0.30418920516967773,0.37761518359184265
618,"[3, 1, 128, 'sigmoid', 50, 5]",0.3634774088859558,0.27925485372543335,0.37992098927497864
619,"[7, 1, 64, 'tanh', 15, 2]",0.363585501909256,0.31023311614990234,0.38108372688293457
620,"[5, 1, 64, 'relu', 20, 2]",0.3645208179950714,0.30024322867393494,0.379323273897171
621,"[6, 1, 128, 'tanh', 50, 2]",0.3645840287208557,0.30263862013816833,0.3797975480556488
622,"[6, 1, 64, 'tanh', 40, 2]",0.36497026681900024,0.3018192946910858,0.3802144527435303
623,"[5, 1, 32, 'tanh', 15, 2]",0.36557191610336304,0.30301758646965027,0.38040176033973694
624,"[6, 1, 128, 'sigmoid', 15, 5]",0.36639243364334106,0.28866422176361084,0.3816128671169281
625,"[6, 1, 64, 'tanh', 15, 2]",0.3670516014099121,0.31138718128204346,0.38186195492744446
626,"[7, 1, 128, 'relu', 20, 2]",0.36757537722587585,0.31299149990081787,0.3849875032901764
627,"[6, 1, 64, 'relu', 30, 2]",0.3676108419895172,0.31043732166290283,0.3824736177921295
628,"[5, 1, 128, 'relu', 40, 2]",0.3678598403930664,0.30472564697265625,0.3827289640903473
629,"[5, 1, 128, 'tanh', 20, 2]",0.3686892092227936,0.31297749280929565,0.3833530843257904
630,"[6, 1, 128, 'relu', 20, 2]",0.3693597614765167,0.31327372789382935,0.38403555750846863
631,"[7, 1, 128, 'relu', 50, 2]",0.36938968300819397,0.30675455927848816,0.3877354562282562
632,"[7, 1, 64, 'tanh', 40, 2]",0.36941635608673096,0.3057686388492584,0.38752976059913635
633,"[7, 1, 128, 'tanh', 50, 2]",0.36957037448883057,0.30691084265708923,0.38746175169944763
634,"[7, 1, 128, 'sigmoid', 20, 5]",0.3695813715457916,0.2918872535228729,0.38755369186401367
635,"[5, 1, 128, 'sigmoid', 50, 2]",0.37003663182258606,0.31910768151283264,0.3837096691131592
636,"[5, 1, 64, 'tanh', 30, 2]",0.3700656592845917,0.3060551881790161,0.3852361738681793
637,"[6, 1, 128, 'sigmoid', 50, 7]",0.3702757954597473,0.26514843106269836,0.39020219445228577
638,"[7, 1, 128, 'sigmoid', 15, 5]",0.3718428611755371,0.2938145399093628,0.39012691378593445
639,"[6, 1, 128, 'sigmoid', 40, 5]",0.3719871938228607,0.2903231382369995,0.38825368881225586
640,"[6, 1, 64, 'relu', 20, 2]",0.37201496958732605,0.3100145757198334,0.38697052001953125
641,"[5, 1, 32, 'sigmoid', 50, 2]",0.3722671568393707,0.3053908348083496,0.3892837464809418
642,"[5, 1, 128, 'sigmoid', 30, 5]",0.3725048005580902,0.2913491725921631,0.38862743973731995
643,"[7, 1, 32, 'tanh', 20, 2]",0.37404242157936096,0.3099585175514221,0.39196357131004333
644,"[5, 1, 128, 'sigmoid', 50, 5]",0.37484467029571533,0.29294174909591675,0.3911818563938141
645,"[7, 1, 128, 'sigmoid', 50, 5]",0.375332236289978,0.29387596249580383,0.3945430517196655
646,"[6, 1, 32, 'tanh', 20, 2]",0.37595102190971375,0.31138113141059875,0.3911527395248413
647,"[5, 1, 128, 'tanh', 40, 2]",0.3765594959259033,0.31249815225601196,0.39172565937042236
648,"[5, 1, 64, 'tanh', 20, 2]",0.3766435980796814,0.3136279582977295,0.3917381465435028
649,"[7, 1, 64, 'relu', 20, 2]",0.3787330985069275,0.3156903386116028,0.39664188027381897
650,"[6, 1, 128, 'sigmoid', 20, 5]",0.37911826372146606,0.2961813807487488,0.395253449678421
651,"[3, 1, 32, 'sigmoid', 15, 2]",0.3797193467617035,0.3072342872619629,0.3962596356868744
652,"[6, 1, 128, 'tanh', 15, 2]",0.38000553846359253,0.3232087790966034,0.394946426153183
653,"[7, 1, 64, 'relu', 30, 2]",0.38014769554138184,0.31226661801338196,0.39814314246177673
654,"[5, 1, 128, 'sigmoid', 40, 5]",0.3802928626537323,0.29759541153907776,0.3967653512954712
655,"[6, 1, 128, 'sigmoid', 30, 5]",0.38064754009246826,0.29575663805007935,0.3972872197628021
656,"[7, 1, 128, 'sigmoid', 30, 5]",0.3823319375514984,0.2980876564979553,0.40173304080963135
657,"[6, 1, 64, 'tanh', 30, 2]",0.38257479667663574,0.31422561407089233,0.3978462517261505
658,"[5, 1, 128, 'tanh', 30, 2]",0.3827357292175293,0.31855055689811707,0.397932767868042
659,"[7, 1, 128, 'sigmoid', 40, 5]",0.382891982793808,0.29806622862815857,0.4024428129196167
660,"[6, 1, 32, 'sigmoid', 50, 2]",0.3838523030281067,0.31536972522735596,0.40051349997520447
661,"[5, 1, 128, 'tanh', 15, 2]",0.3839503526687622,0.32422494888305664,0.3989807367324829
662,"[7, 1, 64, 'tanh', 30, 2]",0.38405004143714905,0.31678512692451477,0.4022466838359833
663,"[5, 1, 128, 'relu', 30, 2]",0.3842756450176239,0.31796446442604065,0.3993454873561859
664,"[7, 1, 128, 'relu', 40, 2]",0.3853635787963867,0.31775277853012085,0.40367817878723145
665,"[3, 1, 32, 'sigmoid', 20, 2]",0.3868786096572876,0.31378039717674255,0.40322521328926086
666,"[5, 1, 128, 'sigmoid', 15, 2]",0.3898129165172577,0.3343924582004547,0.4045584201812744
667,"[6, 1, 128, 'relu', 30, 2]",0.38988715410232544,0.3232758939266205,0.4053061008453369
668,"[7, 1, 32, 'sigmoid', 50, 2]",0.39159464836120605,0.323154091835022,0.4107259213924408
669,"[6, 1, 128, 'sigmoid', 50, 5]",0.391603946685791,0.3051169812679291,0.40888580679893494
670,"[7, 1, 64, 'tanh', 20, 2]",0.3919384777545929,0.3271080255508423,0.41027846932411194
671,"[7, 1, 128, 'tanh', 40, 2]",0.39199358224868774,0.3223961889743805,0.41040968894958496
672,"[5, 1, 32, 'sigmoid', 30, 2]",0.392292320728302,0.32261037826538086,0.40854915976524353
673,"[5, 1, 32, 'sigmoid', 20, 2]",0.3931461572647095,0.32320401072502136,0.4093264043331146
674,"[6, 1, 128, 'tanh', 40, 2]",0.39327186346054077,0.3234535753726959,0.4087393283843994
675,"[7, 1, 32, 'sigmoid', 40, 2]",0.39389368891716003,0.32387861609458923,0.41339144110679626
676,"[6, 1, 32, 'sigmoid', 40, 2]",0.39443498849868774,0.3238273859024048,0.4107520580291748
677,"[6, 1, 128, 'relu', 40, 2]",0.39496558904647827,0.3242226541042328,0.41037389636039734
678,"[5, 1, 128, 'sigmoid', 40, 2]",0.3966910243034363,0.33753886818885803,0.4117031991481781
679,"[7, 1, 128, 'relu', 30, 2]",0.3975096642971039,0.33268266916275024,0.41592350602149963
680,"[6, 1, 64, 'tanh', 20, 2]",0.3991066813468933,0.3295234739780426,0.41477322578430176
681,"[7, 1, 128, 'tanh', 15, 2]",0.40390482544898987,0.33870095014572144,0.4225454330444336
682,"[5, 1, 64, 'sigmoid', 30, 2]",0.4057016968727112,0.3429804742336273,0.4213421046733856
683,"[6, 1, 128, 'tanh', 30, 2]",0.40597888827323914,0.33525142073631287,0.4217173159122467
684,"[5, 1, 128, 'sigmoid', 30, 2]",0.4062618911266327,0.3447665870189667,0.4216499328613281
685,"[5, 1, 32, 'sigmoid', 40, 2]",0.40752553939819336,0.3343677222728729,0.4236876964569092
686,"[5, 1, 128, 'sigmoid', 20, 2]",0.41013962030410767,0.3475969135761261,0.42569342255592346
687,"[5, 1, 32, 'sigmoid', 15, 2]",0.4120728373527527,0.3373558521270752,0.4284866154193878
688,"[6, 1, 128, 'tanh', 20, 2]",0.41399863362312317,0.34186428785324097,0.43003058433532715
689,"[7, 1, 128, 'tanh', 30, 2]",0.4143810570240021,0.3408970534801483,0.4333524703979492
690,"[7, 1, 128, 'sigmoid', 15, 2]",0.4173228144645691,0.3562188148498535,0.435905784368515
691,"[7, 1, 128, 'sigmoid', 20, 2]",0.41846758127212524,0.35693395137786865,0.4370976984500885
692,"[5, 1, 64, 'sigmoid', 15, 2]",0.41909661889076233,0.3532872200012207,0.43509936332702637
693,"[7, 1, 128, 'tanh', 20, 2]",0.4210663437843323,0.3482155203819275,0.4402874708175659
694,"[6, 1, 32, 'sigmoid', 30, 2]",0.421205997467041,0.34331104159355164,0.4376528561115265
695,"[7, 1, 128, 'sigmoid', 40, 2]",0.4219789505004883,0.35944339632987976,0.44072023034095764
696,"[6, 1, 32, 'sigmoid', 20, 2]",0.4238877296447754,0.34510624408721924,0.44037142395973206
697,"[7, 1, 32, 'sigmoid', 20, 2]",0.4246712327003479,0.34681883454322815,0.4442535936832428
698,"[7, 1, 64, 'sigmoid', 15, 2]",0.426168292760849,0.3594585657119751,0.4453224241733551
699,"[6, 1, 128, 'sigmoid', 50, 2]",0.42759960889816284,0.3589676320552826,0.44380223751068115
700,"[3, 1, 64, 'sigmoid', 30, 2]",0.42890113592147827,0.35444730520248413,0.4457009732723236
701,"[7, 1, 64, 'sigmoid', 20, 2]",0.4291933476924896,0.3612758219242096,0.4484783113002777
702,"[7, 1, 128, 'sigmoid', 50, 2]",0.43132054805755615,0.3634316027164459,0.45063912868499756
703,"[7, 1, 32, 'sigmoid', 30, 2]",0.43322187662124634,0.3509886860847473,0.450570672750473
704,"[6, 1, 128, 'sigmoid', 40, 2]",0.4368864595890045,0.3653720021247864,0.45336124300956726
705,"[5, 1, 64, 'sigmoid', 50, 2]",0.4370947480201721,0.36564892530441284,0.45358458161354065
706,"[6, 1, 128, 'sigmoid', 20, 2]",0.43872979283332825,0.36703726649284363,0.4552868902683258
707,"[5, 1, 64, 'sigmoid', 20, 2]",0.4389388859272003,0.3672521412372589,0.45556554198265076
708,"[6, 1, 128, 'sigmoid', 15, 2]",0.43912461400032043,0.36707520484924316,0.4557141363620758
709,"[7, 1, 128, 'sigmoid', 30, 2]",0.440346896648407,0.3697267472743988,0.45992231369018555
710,"[6, 1, 128, 'sigmoid', 30, 2]",0.44360360503196716,0.36980876326560974,0.4603089392185211
711,"[5, 1, 64, 'sigmoid', 40, 2]",0.4460495710372925,0.3714998960494995,0.46292880177497864
712,"[6, 1, 64, 'sigmoid', 20, 2]",0.44630661606788635,0.3705785870552063,0.46318483352661133
713,"[7, 1, 64, 'sigmoid', 30, 2]",0.44659751653671265,0.37297165393829346,0.46647974848747253
714,"[7, 1, 64, 'sigmoid', 40, 2]",0.4481557011604309,0.37384033203125,0.46809133887290955
715,"[6, 1, 64, 'sigmoid', 30, 2]",0.4514593482017517,0.37422624230384827,0.4684811532497406
716,"[7, 1, 64, 'sigmoid', 50, 2]",0.45148298144340515,0.37572911381721497,0.47154101729393005
717,"[6, 1, 64, 'sigmoid', 15, 2]",0.45282185077667236,0.37478411197662354,0.46989691257476807
718,"[6, 1, 64, 'sigmoid', 40, 2]",0.45448586344718933,0.3754425048828125,0.47161510586738586
719,"[6, 1, 64, 'sigmoid', 50, 2]",0.46929097175598145,0.38092994689941406,0.48696497082710266
